Workbook

Sheet Raw Data
A1: Employee Salary Dataset — Raw Data
A4: ID | B4: Experience_Years | C4: Age | D4: Gender | E4: Salary
A5: 1 | B5: 5 | C5: 28 | D5: Female | E5: 250000
A6: 2 | B6: 1 | C6: 21 | D6: Male | E6: 50000
A7: 3 | B7: 3 | C7: 23 | D7: Female | E7: 170000
A8: 4 | B8: 2 | C8: 22 | D8: Male | E8: 25000
A9: 5 | B9: 1 | C9: 17 | D9: Male | E9: 10000
A10: 6 | B10: 25 | C10: 62 | D10: Male | E10: 5001000
A11: 7 | B11: 19 | C11: 54 | D11: Female | E11: 800000
A12: 8 | B12: 2 | C12: 21 | D12: Female | E12: 9000
A13: 9 | B13: 10 | C13: 36 | D13: Female | E13: 61500
A14: 10 | B14: 15 | C14: 54 | D14: Female | E14: 650000
A15: 11 | B15: 4 | C15: 26 | D15: Female | E15: 250000
A16: 12 | B16: 6 | C16: 29 | D16: Male | E16: 1400000
... A39: 35 | B39: 16 | C39: 49 | D39: Male | E39: 7600000

Sheet Data Cleaning
A1: Data Cleaning Checklist & Validation Report
A2: Column | B2: Blank Count | C2: Status
A3: ID | B3: =COUNTBLANK('Raw Data'!A5:A39) -> 0 | C3: =IF(B3=0,"✅ Clean","⚠️ Has Blanks") -> ✅ Clean
A4: Experience_Years | B4: =COUNTBLANK('Raw Data'!B5:B39) -> 0 | C4: =IF(B4=0,"✅ Clean","⚠️ Has Blanks") -> ✅ Clean
A5: Age | B5: =COUNTBLANK('Raw Data'!C5:C39) -> 0 | C5: =IF(B5=0,"✅ Clean","⚠️ Has Blanks") -> ✅ Clean
A6: Gender | B6: =COUNTBLANK('Raw Data'!D5:D39) -> 0 | C6: =IF(B6=0,"✅ Clean","⚠️ Has Blanks") -> ✅ Clean
A7: Salary | B7: {=COUNTBLANK('Raw Data'!E5:E39)} -> 0 | C7: =IF(B7=0,"✅ Clean","⚠️ Has Blanks") -> ✅ Clean
A11: Duplicate Check
A12: Check | B12: Result | C12: Status
A13: Total Employees | B13: =COUNTA('Raw Data'!B5:B39) -> 35 | C13: =TEXT(B13,"0")&" records found" -> 35 records found
A14: Unique IDs | B14: {=SUMPRODUCT(1/COUNTIF('Raw Data'!A5:A39,'Raw Data'!A5:A39))} -> 35 | C14: =IF(B13=B14,"✅ No Duplicates","⚠️ Duplicates Found") -> ✅ No Duplicates
A17: Data Validation & Range Checks
A18: Check | B18: Value | C18: Status
A19: Salary — Min Value | B19: =MIN('Raw Data'!E5:E39) -> 3000 | C19: ✅ Valid
A20: Salary — Max Value | B20: =MAX('Raw Data'!E5:E39) -> 10000000 | C20: ✅ Valid
A21: Salary — Negative Count | B21: =COUNTIF('Raw Data'!E5:E39,"<0") -> 0 | C21: =IF(B21=0,"✅ Valid","⚠️ Review") -> ✅ Valid
A22: Age — Min Value | B22: =MIN('Raw Data'!C5:C39) -> 17 | C22: ✅ Valid
A23: Age — Max Value | B23: =MAX('Raw Data'!C5:C39) -> 62 | C23: ✅ Valid
A24: Gender — Male Count | B24: =COUNTIF('Raw Data'!D5:D39,"Male") -> 17 | C24: ✅ Valid
A25: Gender — Female Count | B25: =COUNTIF('Raw Data'!D5:D39,"Female") -> 18 | C25: ✅ Valid
A26: Gender — Other Values | B26: =35-COUNTIF('Raw Data'!D5:D39,"Male")-COUNTIF('Raw Data'!D5:D39,"Female") -> 0 | C26: =IF(B26=0,"✅ Valid","⚠️ Review") -> ✅ Valid
A27: Experience — Min Yrs | B27: =MIN('Raw Data'!B5:B39) -> 1 | C27: ✅ Valid
A28: Experience — Max Yrs | B28: =MAX('Raw Data'!B5:B39) -> 27 | C28: ✅ Valid

Sheet Analysis
A1: Data Analysis
A5: OVERALL SALARY STATISTICS
A6: Metric | B6: Value | C6: Interpretation
A7: Total Employees | B7: =COUNTA('Raw Data'!A5:A39) -> 35 | C7: Total records in dataset
A8: Average Salary | B8: =AVERAGE('Raw Data'!E5:E39) -> 2059147.1 | C8: Mean — skewed by outliers
A9: Median Salary | B9: =MEDIAN('Raw Data'!E5:E39) -> 250000 | C9: Better measure of center
A10: Highest Salary | B10: =MAX('Raw Data'!E5:E39) -> 10000000 | C10: Extreme outlier detected
A11: Lowest Salary | B11: =MIN('Raw Data'!E5:E39) -> 3000 | C11: Entry-level floor
A12: Std Deviation | B12: =STDEV('Raw Data'!E5:E39) -> 3170123.6 | C12: High = wide spread
A13: Salary–Exp Correl. | B13: =CORREL('Raw Data'!B5:B39,'Raw Data'!E5:E39) -> 0.68559998 | C13: 1.0=perfect, 0=none
A14: Salary–Age Correl. | B14: =CORREL('Raw Data'!C5:C39,'Raw Data'!E5:E39) -> 0.66844413 | C14: Compare vs. Experience
A17: GENDER-BASED SALARY ANALYSIS
A18: Metric | B18: Male | C18: Female | D18: Difference | E18: Gap %
A19: Employee Count | B19: =COUNTIF('Raw Data'!D5:D39,"Male") -> 17 | C19: =COUNTIF('Raw Data'!D5:D39,"Female") -> 18 | D19: =B19-C19 -> -1 | E19: =IF(C19<>0,(B19-C19)/C19,0) -> -0.055555556
A20: Average Salary | B20: =AVERAGEIF('Raw Data'!D5:D39,"Male",'Raw Data'!E5:E39) -> 2063626.5 | C20: =AVERAGEIF('Raw Data'!D5:D39,"Female",'Raw Data'!E5:E39) -> 2054916.7 | D20: =B20-C20 -> 8709.8039 | E20: =IF(C20<>0,(B20-C20)/C20,0) -> 0.0042385193
A21: Median Salary | B21: {=MEDIAN(IF('Raw Data'!D5:D39="Male",'Raw Data'!E5:E39))} -> 220100 | C21: {=MEDIAN(IF('Raw Data'!D5:D39="Female",'Raw Data'!E5:E39))} -> 250000 | D21: =B21-C21 -> -29900 | E21: =IF(C21<>0,(B21-C21)/C21,0) -> -0.1196
A22: Max Salary | B22: {=MAX(IF('Raw Data'!D5:D39="Male",'Raw Data'!E5:E39))} -> 7600000 | C22: {=MAX(IF('Raw Data'!D5:D39="Female",'Raw Data'!E5:E39))} -> 10000000 | D22: =B22-C22 -> -2400000 | E22: =IF(C22<>0,(B22-C22)/C22,0) -> -0.24
A23: Min Salary | B23: {=MIN(IF('Raw Data'!D5:D39="Male",'Raw Data'!E5:E39))} -> 3000 | C23: {=MIN(IF('Raw Data'!D5:D39="Female",'Raw Data'!E5:E39))} -> 6000 | D23: =B23-C23 -> -3000 | E23: =IF(C23<>0,(B23-C23)/C23,0) -> -0.5
A26: SALARY BY AGE GROUP
A27: Age Group | B27: Avg Salary | C27: Employee Count | D27: % of Workforce
A28: Under 25 | B28: =IFERROR(AVERAGEIFS('Raw Data'!E5:E39,'Raw Data'!C5:C39,"<25",'Raw Data'!C5:C39,">=0"),0) -> 27541.667 | C28: =COUNTIFS('Raw Data'!C5:C39,"<25",'Raw Data'!C5:C39,">=0") -> 12 | D28: =C28/35 -> 0.34285714
A29: 25–35 | B29: =IFERROR(AVERAGEIFS('Raw Data'!E5:E39,'Raw Data'!C5:C39,">=25",'Raw Data'!C5:C39,"<=35"),0) -> 1233375 | C29: =COUNTIFS('Raw Data'!C5:C39,">=25",'Raw Data'!C5:C39,"<=35") -> 8 | D29: =C29/35 -> 0.22857143
A30: 36–45 | B30: =IFERROR(AVERAGEIFS('Raw Data'!E5:E39,'Raw Data'!C5:C39,">=36",'Raw Data'!C5:C39,"<=45"),0) -> 1652912.5 | C30: =COUNTIFS('Raw Data'!C5:C39,">=36",'Raw Data'!C5:C39,"<=45") -> 4 | D30: =C30/35 -> 0.11428571
A31: 46–55 | B31: =IFERROR(AVERAGEIFS('Raw Data'!E5:E39,'Raw Data'!C5:C39,">=46",'Raw Data'!C5:C39,"<=55"),0) -> 4473333.3 | C31: =COUNTIFS('Raw Data'!C5:C39,">=46",'Raw Data'!C5:C39,"<=55") -> 9 | D31: =C31/35 -> 0.25714286
A32: 56+ | B32: =IFERROR(AVERAGEIFS('Raw Data'!E5:E39,'Raw Data'!C5:C39,">=56",'Raw Data'!C5:C39,"<=100"),0) -> 7500500 | C32: =COUNTIFS('Raw Data'!C5:C39,">=56",'Raw Data'!C5:C39,"<=100") -> 2 | D32: =C32/35 -> 0.057142857

Sheet Dashboard
A1: 👥 Employee Salary Dashboard
A4: 👤 Total Employees | E4: 💰 Average Salary | I4: 🏆 Highest Salary | M4: 📅 Avg Experience
A5: =COUNTA('Raw Data'!A5:A39) -> 35 | E5: =AVERAGE('Raw Data'!E5:E39) -> 2059147.1 | I5: =MAX('Raw Data'!E5:E39) -> 10000000 | M5: =AVERAGE('Raw Data'!B5:B39)&"Years" -> 9.2Years
